ID,Description,setSize,enrichmentScore,NES,pvalue,p.adjust,qvalues,rank,leading_edge,core_enrichment
hsa03030,DNA replication,33,0.722807655841229,2.38555880285313,5.62850129439919e-07,3.74858186206986e-05,2.7372290505394e-05,1864,tags=64%, list=15%, signal=54%,MCM5/MCM2/MCM6/MCM4/FEN1/RFC4/PCNA/RNASEH2A/DNA2/POLE2/POLA2/MCM7/RFC2/PRIM1/PRIM2/MCM3/POLD1/RFC3/POLD2/POLE3/RPA3
hsa03050,Proteasome,43,0.709515488314223,2.45610806263071,2.25227538309221e-08,3.75003851284853e-06,2.73829270260158e-06,2462,tags=65%, list=20%, signal=52%,PSMA7/PSMD3/PSMB9/PSMB5/IFNG/PSMD7/ADRM1/PSME2/PSMB3/PSMA4/PSMB2/PSMA3/PSMA5/PSMB7/PSMD14/PSME4/SEM1/PSMB10/PSMD8/PSMC3/PSMD2/PSMB4/PSMC4/PSMA2/PSMB6/PSMD12/POMP/PSMA1
hsa04110,Cell cycle,115,0.666746844076235,2.76225889348132,1e-10,3.33e-08,2.43157894736842e-08,1208,tags=40%, list=10%, signal=36%,CDC45/CDC20/CCNB2/CCNA2/CDK1/MAD2L1/TTK/CHEK1/CCNB1/MCM5/PTTG1/MCM2/CDC25A/CDC6/PLK1/BUB1B/ESPL1/CCNE1/ORC6/ORC1/CCNE2/MCM6/MCM4/DBF4/SKP2/CDC25B/BUB1/MYC/PCNA/E2F1/CDKN2A/CDC7/MCM7/SFN/HDAC2/E2F3/CDKN2C/PKMYT1/CDC25C/CDK4/MCM3/RAD21/CHEK2/TFDP1/E2F5/YWHAZ
hsa05340,Primary immunodeficiency,34,0.622888950489317,2.07051258788616,0.000194637702310918,0.00360079749275198,0.00262931632946328,1422,tags=41%, list=12%, signal=36%,ICOS/TAP1/LCK/IL2RG/IL7R/CD3D/CD40LG/CD8A/PTPRC/CD3E/ADA/UNG/TAP2/CD19
hsa01230,Biosynthesis of amino acids,62,0.589037539321195,2.21368908928704,1.20254394766048e-06,6.67411890951564e-05,4.87346757736088e-05,2856,tags=55%, list=23%, signal=42%,PSAT1/PHGDH/CBS/ASS1/PFKP/ASNS/PYCR3/SHMT2/TKT/PSPH/IDH2/TPI1/BCAT1/GAPDH/PGK1/ENO1/PGAM1/PYCR1/TALDO1/ACO2/PKM/IDH3A/SDS/GOT1/RPIA/IDH3G/PRPS2/IDH1/PGK2/PRPS1L1/ENO3/PFKL/ARG2/ALDH18A1
hsa03008,Ribosome biogenesis in eukaryotes,55,0.573106127406242,2.1066576851707,1.15948080703167e-05,0.000482633885926935,0.000352421140031996,3923,tags=75%, list=32%, signal=51%,GTPBP4/RPP25/RPP40/RBM28/RRP7A/PWP2/EMG1/POP7/NXT1/EIF6/GAR1/GNL2/REXO5/RAN/POP4/RPP38/NOP10/CSNK2B/WDR43/TCOF1/POP1/SNU13/FBL/RPP30/UTP18/NHP2/IMP4/UTP6/XPO1/NAT10/NXF3/REXO2/WDR3/HEATR1/NVL/NMD3/CSNK2A2/RCL1/NXT2/LSG1/BMS1
hsa04657,IL-17 signaling pathway,85,0.562103310223654,2.24867410520786,1.08808963538971e-07,9.0583462146193e-06,6.61443962565848e-06,2820,tags=49%, list=23%, signal=38%,MMP1/S100A9/S100A8/S100A7/CXCL10/CXCL3/CCL20/FOSL1/MMP9/CXCL8/LCN2/CCL2/MUC5B/CEBPB/CCL7/IFNG/CCL17/CXCL5/CXCL1/TRAF4/MAPK13/TNFAIP3/ELAVL1/TNF/IL6/FADD/PTGS2/TRAF2/IL13/CCL11/MAPK1/NFKBIA/IKBKE/CHUK/GSK3B/MAPK12/MAPK6/IL17B/MAPK14/HSP90B1/IL25/HSP90AB1
hsa05332,Graft-versus-host disease,34,0.553774562835984,1.84077306605349,0.00307919339165537,0.0242863154674418,0.0177339619819158,3674,tags=79%, list=30%, signal=56%,GZMB/PRF1/HLA-DRB4/HLA-DOB/IFNG/KLRD1/KIR2DL3/CD86/CD28/KIR3DL3/TNF/IL6/HLA-DQB1/HLA-G/FASLG/HLA-F/IL2/HLA-DMB/HLA-DMA/IL1A/HLA-DRA/HLA-B/KIR2DL2/HLA-C/HLA-DOA/CD80/HLA-A
hsa05219,Bladder cancer,41,0.521105379076217,1.77593888086212,0.00236633733558265,0.0212970360202438,0.0155511785069585,2342,tags=46%, list=19%, signal=38%,MMP1/MMP9/CXCL8/MYC/E2F1/CDKN2A/E2F3/CDK4/UPK3A/VEGFA/CDH1/MAP2K1/TYMP/EGFR/MAP2K2/EGF/MAPK1/DAPK1/NRAS
hsa04061,Viral protein interaction with cytokine and cytokine receptor,86,0.498661435400091,1.98678028561746,1.34945716764799e-05,0.000499299152029756,0.000364590182136474,1716,tags=40%, list=14%, signal=34%,CXCL10/CXCL13/CXCL11/CXCL9/CCL18/CCL8/CXCL3/CCL20/CXCL8/CCL5/IL2RA/CCR1/CCL2/IL2RG/CCL4/CCR8/CCR7/IL24/CCL7/CCL17/CCR5/CCL22/XCL1/CXCL5/CXCL1/IL18RAP/CCL16/CCL13/TNF/IL19/IL6/LTA/CXCR4/LTBR
hsa05323,Rheumatoid arthritis,80,0.496609421477702,1.96928806007746,6.08200886001933e-05,0.00168775745865537,0.0012324070584776,1830,tags=36%, list=15%, signal=31%,MMP1/CXCL3/CCL20/CXCL8/TNFRSF11A/CTLA4/CCL5/CCL2/HLA-DRB4/HLA-DOB/LTB/IFNG/ATP6V0A4/CD86/ITGB2/ICAM1/CXCL5/CTSL/IL15/CXCL1/CD28/VEGFA/ATP6V0B/TNF/IL6/TLR2/HLA-DQB1/ATP6V1F/ATP6V1B1
hsa00270,Cysteine and methionine metabolism,43,0.495831530544861,1.71640484236818,0.00674711726373784,0.0468081260171813,0.0341794756123562,1627,tags=44%, list=13%, signal=38%,PSAT1/PHGDH/CBS/LDHB/AMD1/LDHC/GCLM/DNMT3B/BCAT1/SMS/AHCY/MTAP/ENOPH1/MDH1/DNMT3A/SDS/DNMT1/GOT1/SRM
hsa04612,Antigen processing and presentation,63,0.485848428022451,1.83223495741301,0.000402158316286332,0.00582255301405863,0.00425165084952598,3228,tags=59%, list=26%, signal=43%,TAP1/KLRC3/HLA-DRB4/HLA-DOB/IFI30/KIR2DS1/IFNG/CTSS/KLRD1/CD8A/KIR2DL3/LGMN/KLRC4/PSME2/KIR2DS5/CTSL/KIR3DL3/TAP2/TNF/HLA-DQB1/RFXANK/HLA-G/HSPA6/HLA-F/KIR2DL4/HLA-DMB/CALR/PDIA3/HLA-DMA/HSP90AB1/CTSB/HLA-DRA/HLA-B/CD8B/HSPA5/CD4/KIR2DL2
hsa04115,p53 signaling pathway,65,0.479833928789391,1.81043220942221,0.000779913668813889,0.00961893524870463,0.00702378391797303,1056,tags=25%, list=9%, signal=23%,CCNB2/RRM2/CDK1/CHEK1/CCNB1/GTSE1/CCNE1/CCNE2/SERPINB5/CDKN2A/SFN/CYCS/CDK4/BID/ADGRB1/CHEK2
hsa04064,NF-kappa B signaling pathway,92,0.47511747147316,1.90919376173157,7.24237565280429e-05,0.00172265078027416,0.00125788629759232,2306,tags=36%, list=19%, signal=29%,BCL2A1/CXCL3/CXCL8/TNFRSF11A/LCK/CCL4/BIRC3/IRAK1/LTB/LYN/VCAM1/CD40LG/PLCG2/ICAM1/CXCL1/DDX58/LBP/TNFAIP3/PRKCQ/CCL13/CD14/PARP1/SYK/TNF/LTA/PTGS2/LTBR/TRAF2/RELB/CD40/CSNK2B/NFKBIA/TRAF1
hsa04114,Oocyte meiosis,96,0.439606563730464,1.77076791603983,0.000284040566965096,0.00483586277672923,0.00353116580187909,878,tags=20%, list=7%, signal=19%,CDC20/CCNB2/CDK1/MAD2L1/CALML5/AURKA/CCNB1/PTTG1/PLK1/ESPL1/CCNE1/CCNE2/BUB1/FBXO5/ADCY8/PPP1CA/CALML4/PKMYT1/CDC25C
hsa05230,Central carbon metabolism in cancer,68,0.43910686321348,1.67717282619646,0.00366948801551636,0.027771352481067,0.0202787495594325,2367,tags=38%, list=19%, signal=31%,SLC7A5/PDK1/PFKP/MYC/LDHB/HK3/LDHC/TIGAR/IDH2/SCO2/G6PD/PGAM1/SLC16A3/SLC2A1/SLC1A5/PKM/PDHA1/MAP2K1/HIF1A/HK2/EGFR/MAP2K2/MAPK1/PDHA2/NRAS/LDHA
hsa05169,Epstein-Barr virus infection,193,0.433519428448419,1.91530889383906,7.5951128389984e-08,8.43057525128823e-06,6.15603882739871e-06,2760,tags=39%, list=23%, signal=31%,CXCL10/CCNA2/TAP1/ISG15/CCNE1/CCNE2/SKP2/STAT1/HLA-DRB4/HLA-DOB/MYC/CD3G/PSMD3/E2F1/IRAK1/CD247/CD3D/LYN/OAS1/RUNX3/OAS3/PSMD7/PLCG2/ADRM1/HDAC2/CYCS/E2F3/BAK1/CDK4/BID/CD3E/ICAM1/OAS2/PSMD14/DDX58/NFKBIB/MAPK13/SEM1/TNFAIP3/TAP2/CD19/PSMD8/IFNA21/SYK/PSMC3/NFKBIE/TNF/IL6/TLR2/PSMD2/FCER2/FADD/HLA-DQB1/PSMC4/TRAF2/RELB/HLA-G/CR2/CD40/EIF2AK2/NFKBIA/BCL2L11/SAP30/HLA-F/IRF9/IKBKE/CHUK/PSMD12/MAPK12/HLA-DMB/CALR/MAP2K3/PDIA3/HLA-DMA/PSMD1/MAPK14
hsa04914,Progesterone-mediated oocyte maturation,77,0.428203813833863,1.68999158586003,0.00199025866552237,0.0194928275182044,0.0142337384438287,878,tags=17%, list=7%, signal=16%,CCNB2/CCNA2/CDK1/MAD2L1/AURKA/CCNB1/CDC25A/PLK1/CDC25B/BUB1/ADCY8/PKMYT1/CDC25C
hsa04668,TNF signaling pathway,103,0.427379481346192,1.74611902779622,0.000319486429693823,0.00483586277672923,0.00353116580187909,2306,tags=32%, list=19%, signal=26%,CXCL10/CXCL3/CCL20/MMP9/CCL5/CCL2/BIRC3/CEBPB/VCAM1/ICAM1/CXCL5/IL15/IRF1/CXCL1/DNM1L/MAPK13/TNFAIP3/ATF4/MAP2K1/TNF/IL6/LTA/ITCH/FADD/PTGS2/CASP10/TRAF2/CX3CL1/SOCS3/TNFRSF1B/MAPK1/NFKBIA/TRAF1
hsa04620,Toll-like receptor signaling pathway,95,0.422062653910528,1.70141508500829,0.000520821137369688,0.00722639328100442,0.00527674047071921,2760,tags=36%, list=23%, signal=28%,CXCL10/CXCL11/CXCL9/CXCL8/CCL5/STAT1/TLR8/CCL4/IRAK1/CD86/TLR1/SPP1/LBP/MAPK13/CD14/IFNA21/MAP2K1/TNF/IL6/TLR2/FADD/MAP2K2/CD40/MAPK1/NFKBIA/IKBKE/IL12B/CHUK/IL12A/MAPK12/TLR6/MAP2K3/IRF5/MAPK14
hsa03013,Nucleocytoplasmic transport,92,0.418199920835499,1.68047846680981,0.00248647661351053,0.0217893871657633,0.0159106952277266,4031,tags=51%, list=33%, signal=35%,MAGOHB/KPNA2/NUP93/XPOT/NUP155/MAGOH/CSE1L/SEC13/NUP205/NDC1/EIF4A3/NXT1/NUP62/RANGAP1/RAN/IPO4/NUP88/NUP85/NUP50/RAE1/UPF2/DDX19A/NCBP1/AHCTF1/NUP153/SEH1L/XPO4/SUMO4/NUP107/TNPO3/THOC5/XPO1/KPNA5/NUP37/KPNB1/NUP58/NXF3/KPNA3/SUMO3/NMD3/IPO13/SUMO2/NXT2/NUP188/TNPO2/KPNA1/XPO6
hsa04066,HIF-1 signaling pathway,104,0.415241564871639,1.70142898169126,0.000575903056149461,0.00767102870791082,0.00560141498823265,2942,tags=42%, list=24%, signal=32%,PDK1/EIF4EBP1/ANGPT4/TFRC/PFKP/LDHB/HK3/LDHC/IFNG/PLCG2/HMOX1/GAPDH/PGK1/ENO1/VHL/SLC2A1/VEGFA/ELOC/PDHA1/MAP2K1/RBX1/IL6/LTBR/HIF1A/HK2/EGFR/CYBB/MAP2K2/EGF/SERPINE1/RPS6KB2/MAPK1/PRKCA/PDHA2/IL6R/LDHA/PRKCG/PGK2/NPPA/ENO3/EIF4E2/PFKL/EIF4E/EGLN1
hsa04650,Natural killer cell mediated cytotoxicity,109,0.413831440550099,1.69583807508838,0.000710979636379556,0.00910600841978431,0.00664924275318532,3228,tags=45%, list=26%, signal=33%,GZMB/LCK/PRF1/KLRC3/CD247/KIR2DS1/IFNG/PLCG2/KLRD1/KIR2DL3/ULBP2/KIR2DS5/BID/ITGB2/NCR3/ICAM1/SH2D1A/CD48/LCP2/FCER1G/RAC2/KIR3DL3/IFNA21/SYK/MAP2K1/TNF/HLA-G/FASLG/TYROBP/MAP2K2/FCGR3B/MAPK1/SOS1/MICB/NCR1/PRKCA/NRAS/PRKCG/CD244/CASP3/TNFRSF10B/PAK1/HLA-B/IFNAR2/PPP3R1/PRKCB/GRB2/IFNA1/KIR2DL2
hsa04218,Cellular senescence,141,0.411550231369701,1.75660454237278,0.000115830576788497,0.00241072387941059,0.00176031994987781,1131,tags=17%, list=9%, signal=16%,FOXM1/MYBL2/CCNB2/CCNA2/CDK1/CALML5/CHEK1/CCNB1/CDC25A/CXCL8/EIF4EBP1/CCNE1/CCNE2/MYC/E2F1/CDKN2A/MRAS/E2F3/PPP1CA/CALML4/SLC25A5/CDK4/CHEK2/E2F5
hsa04660,T cell receptor signaling pathway,99,0.410818489399455,1.66961704947582,0.000855282833140999,0.0097778703636306,0.00713983895684738,3131,tags=43%, list=26%, signal=33%,ICOS/CTLA4/LCK/CD3G/CD247/CD3D/IFNG/CD40LG/ITK/CD8A/CDK4/PTPRC/CD3E/LCP2/CD28/NFKBIB/MAPK13/PRKCQ/NCK1/MAP2K1/NFKBIE/TNF/PDCD1/NCK2/RASGRP1/MAP2K2/GRAP2/MAPK1/SOS1/NFKBIA/NRAS/CHUK/IL2/GSK3B/MAPK12/NFATC3/MAPK14/TEC/MAP3K8/PAK1/CD8B/PPP3R1/GRB2
hsa04613,Neutrophil extracellular trap formation,103,0.408329942763786,1.66828945655732,0.000880889221948703,0.0097778703636306,0.00713983895684738,2521,tags=34%, list=21%, signal=27%,CAMP/AQP9/TLR8/CLEC7A/CYBA/FPR3/PLCG2/NCF2/HDAC2/SLC25A5/ELANE/ITGB2/MAPK13/NCF4/RAC2/PPIF/CLCN5/SELPLG/SYK/MAP2K1/TLR2/CR1/CYBB/CASP1/MAP2K2/CLCN4/C5AR1/FCGR3B/MAPK1/HDAC9/ITGA2B/PRKCA/PRKCG/VDAC2/MAPK12
hsa01200,Carbon metabolism,101,0.389565229244013,1.58305847884898,0.00215801366577441,0.0199616264084133,0.0145760572161956,1792,tags=32%, list=15%, signal=27%,PSAT1/PHGDH/PFKP/ME1/SHMT2/HK3/GPI/PGD/TKT/ME2/PSPH/IDH2/TPI1/GAPDH/PGK1/ENO1/G6PD/PGAM1/TALDO1/ACO2/DLAT/MDH1/PKM/ACAT2/IDH3A/SDS/PDHA1/GOT1/HAO1/RPIA/GCSH/HK2
hsa05166,Human T-cell leukemia virus 1 infection,202,0.389322561850791,1.72113231229561,1.10198006267406e-05,0.000482633885926935,0.000352421140031996,1914,tags=26%, list=16%, signal=23%,CDC20/CCNB2/CCNA2/MAD2L1/IL1R2/CHEK1/PTTG1/FOSL1/BUB1B/ESPL1/CCNE1/MMP7/CCNE2/LCK/IL2RA/HLA-DRB4/HLA-DOB/MYC/IL2RG/CD3G/E2F1/CDKN2A/CD3D/ADCY8/ELK4/RANBP1/VAC14/E2F3/CDKN2C/FDPS/SLC25A5/CDK4/ITGB2/CD3E/ICAM1/CHEK2/TSPO/IL15/SLC2A1/IL15RA/ATF4/MAP2K1/TNF/CDKN2B/IL6/LTA/LTBR/ANAPC10/HLA-DQB1/RAN/RELB/EGR2/HLA-G
hsa01240,Biosynthesis of cofactors,106,0.380096665108272,1.5577361867028,0.00300558219920599,0.0242863154674418,0.0177339619819158,1574,tags=23%, list=13%, signal=20%,QPRT/IDO1/PSAT1/TDO2/GGH/CTPS1/MTHFD2/GCH1/SHMT2/DHFR/NME1/KMO/GCLM/KYNU/COQ2/BCAT1/PDXK/FLAD1/MTHFD1/ALDH1B1/UGT2B4/ADSL/AK2/COQ3
hsa04062,Chemokine signaling pathway,168,0.376933841206985,1.64260324246969,0.000105699410250828,0.00234652690756839,0.00171344307143448,1271,tags=21%, list=10%, signal=19%,CXCL10/CXCL13/CXCL11/CXCL9/CCL18/CCL8/CXCL3/CCL20/CXCL8/CCL5/CXCR6/CCR1/STAT1/CCL2/CCL4/HCK/CCR8/CCR7/LYN/CCL7/ADCY8/PLCG2/ITK/CCL17/DOCK2/CCR5/CCL22/XCL1/CXCL5/CXCL1/ARRB2/NFKBIB/GNGT1/CCL16/RAC2
hsa05152,Tuberculosis,162,0.374502904862875,1.62384299501983,0.000319035347820882,0.00483586277672923,0.00353116580187909,2763,tags=34%, list=23%, signal=27%,CAMP/CALML5/STAT1/CLEC7A/HLA-DRB4/HLA-DOB/RIPK2/IRAK1/CEBPG/CEBPB/IFNG/CTSS/CORO1A/CYP27B1/ATP6V0A4/CYCS/CALML4/SPHK1/HSPD1/BID/ITGB2/TLR1/FCER1G/LBP/MRC1/MAPK13/CD14/ATP6V0B/IFNA21/SYK/TNF/CTSD/IL6/TLR2/CR1/FADD/CARD9/HLA-DQB1/CASP10/FCGR2B/RFXANK/LAMP2/FCGR3B/IL10RA/MAPK1/IL12B/FCGR2C/IL12A/MAPK12/ATP6V0D1/TLR6/HLA-DMB/HLA-DMA/MAPK14/IL1A
hsa05170,Human immunodeficiency virus 1 infection,189,0.37081242647461,1.6376689054893,6.91148698343046e-05,0.00172265078027416,0.00125788629759232,3114,tags=38%, list=25%, signal=29%,CCNB2/APOBEC3B/CDK1/CALML5/CHEK1/CCNB1/TAP1/APOBEC3A/CD3G/IRAK1/CD247/CD3D/PLCG2/CYCS/CALML4/BAK1/CDC25C/SAMHD1/BID/CCR5/CD3E/MAPK13/GNGT1/RAC2/TAP2/ELOC/IFNA21/MAP2K1/TNF/RBX1/TLR2/CXCR4/FADD/AP1S1/TRAF2/HLA-G/AP1G1/APOBEC3G/GNG5/FASLG/TNFRSF1B/MAP2K2/APOBEC3C/RPS6KB2/DDB1/MAPK1/NFKBIA/HLA-F/PRKCA/NRAS/CUL1/PRKCG/GNG4/CHUK/LIMK1/MAPK12/APOBEC3F/CALR/MAP2K3/PDIA3/NFATC3/AP1B1/MAPK14/GNB3/CASP3/PTK2/PAK1/HLA-B/GNAI1/PPP3R1/PRKCB/MYD88
hsa05162,Measles,129,0.362963747529877,1.52894993419654,0.00281755649477188,0.0234561578189759,0.0171277776392712,2553,tags=34%, list=21%, signal=27%,CCNE1/CCNE2/MX1/IL2RA/STAT1/IL2RG/CD3G/IRAK1/CD3D/OAS1/OAS3/IFIH1/CYCS/BAK1/MX2/CDK4/BID/CD3E/OAS2/CD28/DDX58/NFKBIB/TNFAIP3/SLAMF1/IFNA21/IL6/TLR2/FADD/FCGR2B/MSN/FASLG/HSPA6/CSNK2B/EIF2AK2/NFKBIA/RAB9A/IRF9/IKBKE/IL12B/CHUK/IL2/GSK3B/IL12A/IL2RB
hsa04210,Apoptosis,129,0.355867782716055,1.49905886378251,0.00407850738030322,0.0301809546142438,0.022038250405849,2345,tags=29%, list=19%, signal=24%,BCL2A1/BIRC5/GZMB/LMNB1/CTSV/CTSW/CTSC/PRF1/LMNB2/BIRC3/TUBA4A/CTSS/CYCS/BAK1/CSF2RB/TUBA1C/BID/CTSL/TUBA1B/PARP1/ATF4/MAP2K1/TNF/CTSD/FADD/CASP10/TRAF2/AIFM1/HRK/FASLG/MAP2K2/MAPK1/NFKBIA/BCL2L11/TRAF1/PMAIP1/NRAS/CASP2
hsa05164,Influenza A,159,0.345498595114621,1.49559747759279,0.00189206764949207,0.0190926826448745,0.0139415511015205,2439,tags=31%, list=20%, signal=25%,CXCL10/CXCL8/TMPRSS4/CCL5/MX1/STAT1/CCL2/KPNA2/HLA-DRB4/HLA-DOB/PRSS2/RSAD2/PRSS3/OAS1/OAS3/IFNG/IFIH1/CYCS/BAK1/FDPS/SLC25A5/MX2/CDK4/BID/ICAM1/OAS2/DDX58/NFKBIB/IFNA21/MAP2K1/TNF/NXT1/IL6/FADD/HLA-DQB1/SOCS3/CASP1/FASLG/MAP2K2/EIF2AK2/MAPK1/RAE1/NFKBIA/IRF9/PRKCA/IKBKE/PML/IL12B/CHUK
hsa04060,Cytokine-cytokine receptor interaction,250,0.339782863523605,1.57021469622804,0.000158775972988211,0.00311014111794554,0.00227103713685924,2555,tags=33%, list=21%, signal=27%,CXCL10/CXCL13/CXCL11/CXCL9/CCL18/IL1R2/CCL8/CXCL3/CCL20/IL12RB2/CXCL8/TNFRSF11A/CCL5/CXCR6/IL2RA/CCR1/CCL2/IL2RG/CCL4/CCR8/CCR7/GDF5/IL24/LTB/IL7/IL7R/CCL7/TNFRSF17/IFNG/CD40LG/TNFRSF21/IL21R/CSF2RB/IL32/CCL17/CCR5/IL27RA/CCL22/XCL1/CXCL5/IL15/CXCL1/IL18RAP/CD27/CCL16/GDF11/EBI3/IFNW1/CCL13/IFNA21/IL15RA/CRLF2/TNF/IL19/IL6/LTA/CXCR4/LTBR/IL1RL2/IL1RAP/CX3CL1/IL13/TNFRSF4/CXCR3/BMP7/FASLG/TNFRSF1B/CD40/CSF2RA/IL10RA/CCL11/IL36G/IL6R/IL9/IL12B/IL2/XCR1/CCR2/INHA/CCR3/IL12A/IL2RB/IL11
hsa05203,Viral carcinogenesis,153,0.336825095553952,1.44538697663855,0.00694414565560144,0.0471918470064343,0.0344596701706538,3049,tags=35%, list=25%, signal=26%,CDC20/CCNA2/CDK1/CHEK1/CCNE1/CCNE2/SKP2/CCR8/CDKN2A/LYN/GTF2A1/RANBP1/VAC14/HDAC2/BAK1/CDK4/CCR5/YWHAZ/PKM/ATF4/SYK/CDKN2B/LTBR/TRAF2/EGR2/HLA-G/RBL1/EIF2AK2/DDB1/MAPK1/HDAC9/NFKBIA/PRKACB/HLA-F/UBR4/TRAF1/IRF9/PMAIP1/NRAS/CCR3/GTF2E1/SCRIB/ATP6V0D1/GTF2A2/YWHAQ/YWHAH/TBPL1/PRKACG/CASP3/CCR4/SRC/HLA-B/MAD1L1
hsa05020,Prion disease,223,0.325125015927768,1.47052496888255,0.00132682143075128,0.0142526302077476,0.0104073259933292,2907,tags=39%, list=24%, signal=31%,CCL5/C1QB/C1QA/PSMA7/PSMD3/PSMB5/TUBA4A/CYBA/CYC1/PSMD7/STIP1/NCF2/COX5A/ADRM1/PSMB3/CYCS/CACNA1S/SLC25A5/PSMA4/TUBA1C/PSMB2/PSMA3/PSMA5/PSMB7/TUBB/PSMD14/TUBB3/NDUFS6/MAPK13/NCF4/RAC2/SEM1/NDUFA9/PPIF/TUBB4B/UQCR10/UQCRFS1/PSMD8/TUBA1B/ATF4/PSMC3/TNF/IL6/PSMD2/NDUFS5/ATP5MC3/GRIN2D/NDUFV1/PSMB4/RYR2/ATP5F1B/PSMC4/C8G/COX7B/NDUFB2/CYBB/PSMA2/TUBB1/HSPA6/NDUFA6/ATP5F1C/CSNK2B/MAPK1/RYR1/PSMB6/NDUFB11/PRKACB/COX8A/COX5B/VDAC2/PSMD12/PSMA1/C9/GSK3B/MAPK12/NDUFS1/NDUFA4/DDIT3/NDUFA8/PSMD1/MAPK14/IL1A/ATP5MC1/NDUFA1/COX6B1/C8A/PRKACG/CASP3
hsa04151,PI3K-Akt signaling pathway,321,-0.348833176285228,-1.50770601850323,0.000306632746769586,0.00483586277672923,0.00353116580187909,1950,tags=23%, list=16%, signal=20%,BDNF/FGF7/THBS3/G6PC3/PRKAA2/PIK3R1/STK11/COL4A6/TEK/LAMA4/TNC/HGF/COL6A1/MYB/KDR/CDKN1B/CREB3L1/IFNA4/INSR/CHRM2/FLT3/EIF4B/VWF/BCL2/ITGAV/EFNA1/F2R/COL2A1/NGFR/ITGA3/CCND1/FGFR3/TSC1/FGF1/NGF/LAMB1/LPAR1/COL1A2/COL1A1/LPAR4/EPOR/COL6A3/FGF2/GNG12/PRLR/THBS2/LPAR6/PDGFC/ITGB5/KITLG/IGF1R/NTF3/PDGFRB/COL6A2/LAMA2/GHR/LAMA3/FGF18/MAGI1/NTRK2/IKBKB/GNG11/TNN/LAMB2/MAGI2/IRS1/COL4A5/ITGA7/THBS4/IGF1/PDGFD/COMP/PCK1/ERBB4/CHAD
hsa05414,Dilated cardiomyopathy,87,-0.415882644048385,-1.53358903779725,0.0064459397060544,0.045670168555662,0.033348534649464,2851,tags=33%, list=23%, signal=26%,SLC8A2/ITGA10/ITGA8/SLC8A1/ITGA1/ADCY9/TPM2/CACNB2/TNNT2/CACNG5/SGCB/ADCY1/ADCY2/ITGAV/TPM1/ITGA3/TGFB2/CACNA2D3/CACNG4/SGCD/ITGB5/CACNA1C/LAMA2/PLN/TGFB3/ITGA7/IGF1/CACNA2D2/CACNA1D
hsa04510,Focal adhesion,190,-0.417287906922277,-1.71005796363373,5.18783422524578e-05,0.00157049890636986,0.00114678440768591,2132,tags=27%, list=17%, signal=23%,MAPK3/PGF/VEGFC/CTNNB1/MYL5/TLN2/THBS3/PIK3R1/COL4A6/PIP5K1C/LAMA4/TNC/HGF/COL6A1/ARHGAP5/KDR/VWF/BCL2/ITGAV/COL2A1/ITGA3/CCND1/FLNC/LAMB1/DOCK1/COL1A2/COL1A1/COL6A3/MYL9/PARVA/FLNB/THBS2/SHC2/PDGFC/ITGB5/IGF1R/PDGFRB/CAV1/COL6A2/LAMA2/LAMA3/TNN/LAMB2/COL4A5/ITGA7/THBS4/IGF1/VAV3/PDGFD/COMP/CHAD
hsa05410,Hypertrophic cardiomyopathy,83,-0.446958204959294,-1.61852689517014,0.0021403220182673,0.0199616264084133,0.0145760572161956,2851,tags=35%, list=23%, signal=27%,SLC8A2/ITGA10/PRKAG2/ITGA8/SLC8A1/ITGA1/TPM2/CACNB2/PRKAA1/TNNT2/CACNG5/SGCB/PRKAA2/PRKAB1/ITGAV/TPM1/ITGA3/TGFB2/CACNA2D3/CACNG4/SGCD/ITGB5/CACNA1C/LAMA2/TGFB3/ITGA7/IGF1/CACNA2D2/CACNA1D
hsa04512,ECM-receptor interaction,81,-0.466759678803679,-1.69023466993716,0.00158464175892059,0.0164901783037674,0.0120411923128506,1938,tags=35%, list=16%, signal=29%,THBS3/COL4A6/LAMA4/TNC/COL6A1/VWF/ITGAV/CD36/COL2A1/ITGA3/SV2A/LAMB1/COL1A2/COL1A1/COL6A3/THBS2/ITGB5/HSPG2/COL6A2/LAMA2/LAMA3/TNN/LAMB2/COL4A5/ITGA7/THBS4/COMP/CHAD
hsa04340,Hedgehog signaling pathway,43,-0.509199468400531,-1.63051431185236,0.00636160604848418,0.045670168555662,0.033348534649464,2391,tags=35%, list=20%, signal=28%,SPOP/CSNK1G3/BTRC/ARRB1/GLI1/CUL3/GAS1/BCL2/CCND1/SHH/HHAT/GLI3/EVC/LRP2/SCUBE2
hsa04974,Protein digestion and absorption,80,-0.530913594656748,-1.91182632739721,2.4965843895115e-05,0.00083136260170733,0.000607064204186481,1843,tags=41%, list=15%, signal=35%,COL4A6/PRCP/COL6A1/COL11A1/COL18A1/ATP1B2/COL2A1/COL15A1/COL1A2/ATP1B1/COL1A1/COL21A1/MME/COL6A3/COL8A1/COL3A1/COL5A3/COL5A2/ATP1A2/COL7A1/CPB1/COL5A1/COL6A2/COL8A2/SLC7A8/CPA3/COL10A1/COL4A5/SLC1A1/ELN/COL14A1/COL16A1/COL17A1
hsa00982,Drug metabolism - cytochrome P450,49,-0.541851359048282,-1.77965735530834,0.000815743111726712,0.00970151629303554,0.00708408491762671,1440,tags=45%, list=12%, signal=40%,CYP3A4/CYP2E1/CYP2C8/CYP2A7/ALDH3B2/GSTM5/FMO3/UGT2B15/CYP2A6/HPGDS/AOX1/GSTM4/ADH1C/GSTM2/GSTM1/GSTT2/GSTT1/MAOA/GSTM3/MAOB/ADH1B/FMO5
hsa00350,Tyrosine metabolism,31,-0.572937144120771,-1.72469964289663,0.00313607076606606,0.0242863154674418,0.0177339619819158,1594,tags=35%, list=13%, signal=31%,TPO/FAH/DBH/GSTZ1/AOX1/ADH1C/AOC3/MAOA/TAT/MAOB/ADH1B
hsa04710,Circadian rhythm,27,-0.594370796362898,-1.73423087963244,0.00266500109410218,0.0227550093419494,0.016615796295212,3523,tags=70%, list=29%, signal=50%,RORA/NPAS2/CSNK1E/FBXW11/ARNTL/PER1/PRKAG2/PRKAA1/CRY1/BTRC/PRKAA2/SKP1/PRKAB1/PER3/BHLHE41/BHLHE40/PER2/RORC/CRY2
